word,meaning,status,lessonNumber,tags,partOfSpeech,audioWordFilename,audioMeaningFilename,pinyin,source,notes
at,at,new,1,reading;Anna;clip-pack,,audio/words/at.mp3,audio/words/at.mp3,,Anna's Reading Deck,English reading deck
and,and,new,1,reading;Anna;clip-pack,,audio/words/and.mp3,audio/words/and.mp3,,Anna's Reading Deck,English reading deck
am,am,new,1,reading;Anna;clip-pack,,audio/words/am.mp3,audio/words/am.mp3,,Anna's Reading Deck,English reading deck
cat,cat,new,1,reading;Anna;clip-pack,,audio/words/cat.mp3,audio/words/cat.mp3,,Anna's Reading Deck,English reading deck
bag,bag,new,1,reading;Anna;clip-pack,,audio/words/bag.mp3,audio/words/bag.mp3,,Anna's Reading Deck,English reading deck
hat,hat,new,2,reading;Anna;clip-pack,,audio/words/hat.mp3,audio/words/hat.mp3,,Anna's Reading Deck,English reading deck
map,map,new,2,reading;Anna;clip-pack,,audio/words/map.mp3,audio/words/map.mp3,,Anna's Reading Deck,English reading deck
ran,ran,new,2,reading;Anna;clip-pack,,audio/words/ran.mp3,audio/words/ran.mp3,,Anna's Reading Deck,English reading deck
nap,nap,new,2,reading;Anna;clip-pack,,audio/words/nap.mp3,audio/words/nap.mp3,,Anna's Reading Deck,English reading deck
tan,tan,new,2,reading;Anna;clip-pack,,audio/words/tan.mp3,audio/words/tan.mp3,,Anna's Reading Deck,English reading deck
pan,pan,new,3,reading;Anna;clip-pack,,audio/words/pan.mp3,audio/words/pan.mp3,,Anna's Reading Deck,English reading deck
van,van,new,3,reading;Anna;clip-pack,,audio/words/van.mp3,audio/words/van.mp3,,Anna's Reading Deck,English reading deck
bat,bat,new,3,reading;Anna;clip-pack,,audio/words/bat.mp3,audio/words/bat.mp3,,Anna's Reading Deck,English reading deck
rat,rat,new,3,reading;Anna;clip-pack,,audio/words/rat.mp3,audio/words/rat.mp3,,Anna's Reading Deck,English reading deck
sat,sat,new,3,reading;Anna;clip-pack,,audio/words/sat.mp3,audio/words/sat.mp3,,Anna's Reading Deck,English reading deck
mad,mad,new,4,reading;Anna;clip-pack,,audio/words/mad.mp3,audio/words/mad.mp3,,Anna's Reading Deck,English reading deck
dad,dad,new,4,reading;Anna;clip-pack,,audio/words/dad.mp3,audio/words/dad.mp3,,Anna's Reading Deck,English reading deck
bad,bad,new,4,reading;Anna;clip-pack,,audio/words/bad.mp3,audio/words/bad.mp3,,Anna's Reading Deck,English reading deck
had,had,new,4,reading;Anna;clip-pack,,audio/words/had.mp3,audio/words/had.mp3,,Anna's Reading Deck,English reading deck
lap,lap,new,4,reading;Anna;clip-pack,,audio/words/lap.mp3,audio/words/lap.mp3,,Anna's Reading Deck,English reading deck
sap,sap,new,5,reading;Anna;clip-pack,,audio/words/sap.mp3,audio/words/sap.mp3,,Anna's Reading Deck,English reading deck
gap,gap,new,5,reading;Anna;clip-pack,,audio/words/gap.mp3,audio/words/gap.mp3,,Anna's Reading Deck,English reading deck
it,it,new,5,reading;Anna;clip-pack,,audio/words/it.mp3,audio/words/it.mp3,,Anna's Reading Deck,English reading deck
in,in,new,5,reading;Anna;clip-pack,,audio/words/in.mp3,audio/words/in.mp3,,Anna's Reading Deck,English reading deck
big,big,new,5,reading;Anna;clip-pack,,audio/words/big.mp3,audio/words/big.mp3,,Anna's Reading Deck,English reading deck
sit,sit,new,6,reading;Anna;clip-pack,,audio/words/sit.mp3,audio/words/sit.mp3,,Anna's Reading Deck,English reading deck
him,him,new,6,reading;Anna;clip-pack,,audio/words/him.mp3,audio/words/him.mp3,,Anna's Reading Deck,English reading deck
dig,dig,new,6,reading;Anna;clip-pack,,audio/words/dig.mp3,audio/words/dig.mp3,,Anna's Reading Deck,English reading deck
pig,pig,new,6,reading;Anna;clip-pack,,audio/words/pig.mp3,audio/words/pig.mp3,,Anna's Reading Deck,English reading deck
wig,wig,new,6,reading;Anna;clip-pack,,audio/words/wig.mp3,audio/words/wig.mp3,,Anna's Reading Deck,English reading deck
fin,fin,new,7,reading;Anna;clip-pack,,audio/words/fin.mp3,audio/words/fin.mp3,,Anna's Reading Deck,English reading deck
pin,pin,new,7,reading;Anna;clip-pack,,audio/words/pin.mp3,audio/words/pin.mp3,,Anna's Reading Deck,English reading deck
tin,tin,new,7,reading;Anna;clip-pack,,audio/words/tin.mp3,audio/words/tin.mp3,,Anna's Reading Deck,English reading deck
bit,bit,new,7,reading;Anna;clip-pack,,audio/words/bit.mp3,audio/words/bit.mp3,,Anna's Reading Deck,English reading deck
hit,hit,new,7,reading;Anna;clip-pack,,audio/words/hit.mp3,audio/words/hit.mp3,,Anna's Reading Deck,English reading deck
kit,kit,new,8,reading;Anna;clip-pack,,audio/words/kit.mp3,audio/words/kit.mp3,,Anna's Reading Deck,English reading deck
lip,lip,new,8,reading;Anna;clip-pack,,audio/words/lip.mp3,audio/words/lip.mp3,,Anna's Reading Deck,English reading deck
tip,tip,new,8,reading;Anna;clip-pack,,audio/words/tip.mp3,audio/words/tip.mp3,,Anna's Reading Deck,English reading deck
sip,sip,new,8,reading;Anna;clip-pack,,audio/words/sip.mp3,audio/words/sip.mp3,,Anna's Reading Deck,English reading deck
on,on,new,8,reading;Anna;clip-pack,,audio/words/on.mp3,audio/words/on.mp3,,Anna's Reading Deck,English reading deck
off,off,new,9,reading;Anna;clip-pack,,audio/words/off.mp3,audio/words/off.mp3,,Anna's Reading Deck,English reading deck
hot,hot,new,9,reading;Anna;clip-pack,,audio/words/hot.mp3,audio/words/hot.mp3,,Anna's Reading Deck,English reading deck
dot,dot,new,9,reading;Anna;clip-pack,,audio/words/dot.mp3,audio/words/dot.mp3,,Anna's Reading Deck,English reading deck
got,got,new,9,reading;Anna;clip-pack,,audio/words/got.mp3,audio/words/got.mp3,,Anna's Reading Deck,English reading deck
lot,lot,new,9,reading;Anna;clip-pack,,audio/words/lot.mp3,audio/words/lot.mp3,,Anna's Reading Deck,English reading deck
hop,hop,new,10,reading;Anna;clip-pack,,audio/words/hop.mp3,audio/words/hop.mp3,,Anna's Reading Deck,English reading deck
mop,mop,new,10,reading;Anna;clip-pack,,audio/words/mop.mp3,audio/words/mop.mp3,,Anna's Reading Deck,English reading deck
top,top,new,10,reading;Anna;clip-pack,,audio/words/top.mp3,audio/words/top.mp3,,Anna's Reading Deck,English reading deck
pop,pop,new,10,reading;Anna;clip-pack,,audio/words/pop.mp3,audio/words/pop.mp3,,Anna's Reading Deck,English reading deck
cot,cot,new,10,reading;Anna;clip-pack,,audio/words/cot.mp3,audio/words/cot.mp3,,Anna's Reading Deck,English reading deck
nod,nod,new,11,reading;Anna;clip-pack,,audio/words/nod.mp3,audio/words/nod.mp3,,Anna's Reading Deck,English reading deck
rod,rod,new,11,reading;Anna;clip-pack,,audio/words/rod.mp3,audio/words/rod.mp3,,Anna's Reading Deck,English reading deck
box,box,new,11,reading;Anna;clip-pack,,audio/words/box.mp3,audio/words/box.mp3,,Anna's Reading Deck,English reading deck
fox,fox,new,11,reading;Anna;clip-pack,,audio/words/fox.mp3,audio/words/fox.mp3,,Anna's Reading Deck,English reading deck
up,up,new,11,reading;Anna;clip-pack,,audio/words/up.mp3,audio/words/up.mp3,,Anna's Reading Deck,English reading deck
bus,bus,new,12,reading;Anna;clip-pack,,audio/words/bus.mp3,audio/words/bus.mp3,,Anna's Reading Deck,English reading deck
bug,bug,new,12,reading;Anna;clip-pack,,audio/words/bug.mp3,audio/words/bug.mp3,,Anna's Reading Deck,English reading deck
rug,rug,new,12,reading;Anna;clip-pack,,audio/words/rug.mp3,audio/words/rug.mp3,,Anna's Reading Deck,English reading deck
mug,mug,new,12,reading;Anna;clip-pack,,audio/words/mug.mp3,audio/words/mug.mp3,,Anna's Reading Deck,English reading deck
jug,jug,new,12,reading;Anna;clip-pack,,audio/words/jug.mp3,audio/words/jug.mp3,,Anna's Reading Deck,English reading deck
tub,tub,new,13,reading;Anna;clip-pack,,audio/words/tub.mp3,audio/words/tub.mp3,,Anna's Reading Deck,English reading deck
cub,cub,new,13,reading;Anna;clip-pack,,audio/words/cub.mp3,audio/words/cub.mp3,,Anna's Reading Deck,English reading deck
cup,cup,new,13,reading;Anna;clip-pack,,audio/words/cup.mp3,audio/words/cup.mp3,,Anna's Reading Deck,English reading deck
pup,pup,new,13,reading;Anna;clip-pack,,audio/words/pup.mp3,audio/words/pup.mp3,,Anna's Reading Deck,English reading deck
sun,sun,new,13,reading;Anna;clip-pack,,audio/words/sun.mp3,audio/words/sun.mp3,,Anna's Reading Deck,English reading deck
fun,fun,new,14,reading;Anna;clip-pack,,audio/words/fun.mp3,audio/words/fun.mp3,,Anna's Reading Deck,English reading deck
run,run,new,14,reading;Anna;clip-pack,,audio/words/run.mp3,audio/words/run.mp3,,Anna's Reading Deck,English reading deck
gum,gum,new,14,reading;Anna;clip-pack,,audio/words/gum.mp3,audio/words/gum.mp3,,Anna's Reading Deck,English reading deck
hum,hum,new,14,reading;Anna;clip-pack,,audio/words/hum.mp3,audio/words/hum.mp3,,Anna's Reading Deck,English reading deck
bud,bud,new,14,reading;Anna;clip-pack,,audio/words/bud.mp3,audio/words/bud.mp3,,Anna's Reading Deck,English reading deck
mud,mud,new,15,reading;Anna;clip-pack,,audio/words/mud.mp3,audio/words/mud.mp3,,Anna's Reading Deck,English reading deck
egg,egg,new,15,reading;Anna;clip-pack,,audio/words/egg.mp3,audio/words/egg.mp3,,Anna's Reading Deck,English reading deck
bed,bed,new,15,reading;Anna;clip-pack,,audio/words/bed.mp3,audio/words/bed.mp3,,Anna's Reading Deck,English reading deck
red,red,new,15,reading;Anna;clip-pack,,audio/words/red.mp3,audio/words/red.mp3,,Anna's Reading Deck,English reading deck
leg,leg,new,15,reading;Anna;clip-pack,,audio/words/leg.mp3,audio/words/leg.mp3,,Anna's Reading Deck,English reading deck
peg,peg,new,16,reading;Anna;clip-pack,,audio/words/peg.mp3,audio/words/peg.mp3,,Anna's Reading Deck,English reading deck
hen,hen,new,16,reading;Anna;clip-pack,,audio/words/hen.mp3,audio/words/hen.mp3,,Anna's Reading Deck,English reading deck
ten,ten,new,16,reading;Anna;clip-pack,,audio/words/ten.mp3,audio/words/ten.mp3,,Anna's Reading Deck,English reading deck
pen,pen,new,16,reading;Anna;clip-pack,,audio/words/pen.mp3,audio/words/pen.mp3,,Anna's Reading Deck,English reading deck
men,men,new,16,reading;Anna;clip-pack,,audio/words/men.mp3,audio/words/men.mp3,,Anna's Reading Deck,English reading deck
jet,jet,new,17,reading;Anna;clip-pack,,audio/words/jet.mp3,audio/words/jet.mp3,,Anna's Reading Deck,English reading deck
net,net,new,17,reading;Anna;clip-pack,,audio/words/net.mp3,audio/words/net.mp3,,Anna's Reading Deck,English reading deck
set,set,new,17,reading;Anna;clip-pack,,audio/words/set.mp3,audio/words/set.mp3,,Anna's Reading Deck,English reading deck
wet,wet,new,17,reading;Anna;clip-pack,,audio/words/wet.mp3,audio/words/wet.mp3,,Anna's Reading Deck,English reading deck
pet,pet,new,17,reading;Anna;clip-pack,,audio/words/pet.mp3,audio/words/pet.mp3,,Anna's Reading Deck,English reading deck
get,get,new,18,reading;Anna;clip-pack,,audio/words/get.mp3,audio/words/get.mp3,,Anna's Reading Deck,English reading deck
yes,yes,new,18,reading;Anna;clip-pack,,audio/words/yes.mp3,audio/words/yes.mp3,,Anna's Reading Deck,English reading deck
cake,cake,new,18,reading;Anna;clip-pack,,audio/words/cake.mp3,audio/words/cake.mp3,,Anna's Reading Deck,English reading deck
make,make,new,18,reading;Anna;clip-pack,,audio/words/make.mp3,audio/words/make.mp3,,Anna's Reading Deck,English reading deck
take,take,new,18,reading;Anna;clip-pack,,audio/words/take.mp3,audio/words/take.mp3,,Anna's Reading Deck,English reading deck
lake,lake,new,19,reading;Anna;clip-pack,,audio/words/lake.mp3,audio/words/lake.mp3,,Anna's Reading Deck,English reading deck
bake,bake,new,19,reading;Anna;clip-pack,,audio/words/bake.mp3,audio/words/bake.mp3,,Anna's Reading Deck,English reading deck
game,game,new,19,reading;Anna;clip-pack,,audio/words/game.mp3,audio/words/game.mp3,,Anna's Reading Deck,English reading deck
name,name,new,19,reading;Anna;clip-pack,,audio/words/name.mp3,audio/words/name.mp3,,Anna's Reading Deck,English reading deck
same,same,new,19,reading;Anna;clip-pack,,audio/words/same.mp3,audio/words/same.mp3,,Anna's Reading Deck,English reading deck
lane,lane,new,20,reading;Anna;clip-pack,,audio/words/lane.mp3,audio/words/lane.mp3,,Anna's Reading Deck,English reading deck
cane,cane,new,20,reading;Anna;clip-pack,,audio/words/cane.mp3,audio/words/cane.mp3,,Anna's Reading Deck,English reading deck
bike,bike,new,20,reading;Anna;clip-pack,,audio/words/bike.mp3,audio/words/bike.mp3,,Anna's Reading Deck,English reading deck
hike,hike,new,20,reading;Anna;clip-pack,,audio/words/hike.mp3,audio/words/hike.mp3,,Anna's Reading Deck,English reading deck
like,like,new,20,reading;Anna;clip-pack,,audio/words/like.mp3,audio/words/like.mp3,,Anna's Reading Deck,English reading deck
time,time,new,21,reading;Anna;clip-pack,,audio/words/time.mp3,audio/words/time.mp3,,Anna's Reading Deck,English reading deck
lime,lime,new,21,reading;Anna;clip-pack,,audio/words/lime.mp3,audio/words/lime.mp3,,Anna's Reading Deck,English reading deck
five,five,new,21,reading;Anna;clip-pack,,audio/words/five.mp3,audio/words/five.mp3,,Anna's Reading Deck,English reading deck
line,line,new,21,reading;Anna;clip-pack,,audio/words/line.mp3,audio/words/line.mp3,,Anna's Reading Deck,English reading deck
pine,pine,new,21,reading;Anna;clip-pack,,audio/words/pine.mp3,audio/words/pine.mp3,,Anna's Reading Deck,English reading deck
side,side,new,22,reading;Anna;clip-pack,,audio/words/side.mp3,audio/words/side.mp3,,Anna's Reading Deck,English reading deck
ride,ride,new,22,reading;Anna;clip-pack,,audio/words/ride.mp3,audio/words/ride.mp3,,Anna's Reading Deck,English reading deck
home,home,new,22,reading;Anna;clip-pack,,audio/words/home.mp3,audio/words/home.mp3,,Anna's Reading Deck,English reading deck
bone,bone,new,22,reading;Anna;clip-pack,,audio/words/bone.mp3,audio/words/bone.mp3,,Anna's Reading Deck,English reading deck
cone,cone,new,22,reading;Anna;clip-pack,,audio/words/cone.mp3,audio/words/cone.mp3,,Anna's Reading Deck,English reading deck
tone,tone,new,23,reading;Anna;clip-pack,,audio/words/tone.mp3,audio/words/tone.mp3,,Anna's Reading Deck,English reading deck
hole,hole,new,23,reading;Anna;clip-pack,,audio/words/hole.mp3,audio/words/hole.mp3,,Anna's Reading Deck,English reading deck
mole,mole,new,23,reading;Anna;clip-pack,,audio/words/mole.mp3,audio/words/mole.mp3,,Anna's Reading Deck,English reading deck
rope,rope,new,23,reading;Anna;clip-pack,,audio/words/rope.mp3,audio/words/rope.mp3,,Anna's Reading Deck,English reading deck
nose,nose,new,23,reading;Anna;clip-pack,,audio/words/nose.mp3,audio/words/nose.mp3,,Anna's Reading Deck,English reading deck
rose,rose,new,24,reading;Anna;clip-pack,,audio/words/rose.mp3,audio/words/rose.mp3,,Anna's Reading Deck,English reading deck
cube,cube,new,24,reading;Anna;clip-pack,,audio/words/cube.mp3,audio/words/cube.mp3,,Anna's Reading Deck,English reading deck
tube,tube,new,24,reading;Anna;clip-pack,,audio/words/tube.mp3,audio/words/tube.mp3,,Anna's Reading Deck,English reading deck
mule,mule,new,24,reading;Anna;clip-pack,,audio/words/mule.mp3,audio/words/mule.mp3,,Anna's Reading Deck,English reading deck
rule,rule,new,24,reading;Anna;clip-pack,,audio/words/rule.mp3,audio/words/rule.mp3,,Anna's Reading Deck,English reading deck
cute,cute,new,25,reading;Anna;clip-pack,,audio/words/cute.mp3,audio/words/cute.mp3,,Anna's Reading Deck,English reading deck
rain,rain,new,25,reading;Anna;clip-pack,,audio/words/rain.mp3,audio/words/rain.mp3,,Anna's Reading Deck,English reading deck
tail,tail,new,25,reading;Anna;clip-pack,,audio/words/tail.mp3,audio/words/tail.mp3,,Anna's Reading Deck,English reading deck
mail,mail,new,25,reading;Anna;clip-pack,,audio/words/mail.mp3,audio/words/mail.mp3,,Anna's Reading Deck,English reading deck
pail,pail,new,25,reading;Anna;clip-pack,,audio/words/pail.mp3,audio/words/pail.mp3,,Anna's Reading Deck,English reading deck
sail,sail,new,26,reading;Anna;clip-pack,,audio/words/sail.mp3,audio/words/sail.mp3,,Anna's Reading Deck,English reading deck
paid,paid,new,26,reading;Anna;clip-pack,,audio/words/paid.mp3,audio/words/paid.mp3,,Anna's Reading Deck,English reading deck
wait,wait,new,26,reading;Anna;clip-pack,,audio/words/wait.mp3,audio/words/wait.mp3,,Anna's Reading Deck,English reading deck
feet,feet,new,26,reading;Anna;clip-pack,,audio/words/feet.mp3,audio/words/feet.mp3,,Anna's Reading Deck,English reading deck
seed,seed,new,26,reading;Anna;clip-pack,,audio/words/seed.mp3,audio/words/seed.mp3,,Anna's Reading Deck,English reading deck
weed,weed,new,27,reading;Anna;clip-pack,,audio/words/weed.mp3,audio/words/weed.mp3,,Anna's Reading Deck,English reading deck
feed,feed,new,27,reading;Anna;clip-pack,,audio/words/feed.mp3,audio/words/feed.mp3,,Anna's Reading Deck,English reading deck
teeth,teeth,new,27,reading;Anna;clip-pack,,audio/words/teeth.mp3,audio/words/teeth.mp3,,Anna's Reading Deck,English reading deck
seek,seek,new,27,reading;Anna;clip-pack,,audio/words/seek.mp3,audio/words/seek.mp3,,Anna's Reading Deck,English reading deck
week,week,new,27,reading;Anna;clip-pack,,audio/words/week.mp3,audio/words/week.mp3,,Anna's Reading Deck,English reading deck
beef,beef,new,28,reading;Anna;clip-pack,,audio/words/beef.mp3,audio/words/beef.mp3,,Anna's Reading Deck,English reading deck
boat,boat,new,28,reading;Anna;clip-pack,,audio/words/boat.mp3,audio/words/boat.mp3,,Anna's Reading Deck,English reading deck
goat,goat,new,28,reading;Anna;clip-pack,,audio/words/goat.mp3,audio/words/goat.mp3,,Anna's Reading Deck,English reading deck
coat,coat,new,28,reading;Anna;clip-pack,,audio/words/coat.mp3,audio/words/coat.mp3,,Anna's Reading Deck,English reading deck
road,road,new,28,reading;Anna;clip-pack,,audio/words/road.mp3,audio/words/road.mp3,,Anna's Reading Deck,English reading deck
load,load,new,29,reading;Anna;clip-pack,,audio/words/load.mp3,audio/words/load.mp3,,Anna's Reading Deck,English reading deck
toad,toad,new,29,reading;Anna;clip-pack,,audio/words/toad.mp3,audio/words/toad.mp3,,Anna's Reading Deck,English reading deck
soap,soap,new,29,reading;Anna;clip-pack,,audio/words/soap.mp3,audio/words/soap.mp3,,Anna's Reading Deck,English reading deck
soon,soon,new,29,reading;Anna;clip-pack,,audio/words/soon.mp3,audio/words/soon.mp3,,Anna's Reading Deck,English reading deck
moon,moon,new,29,reading;Anna;clip-pack,,audio/words/moon.mp3,audio/words/moon.mp3,,Anna's Reading Deck,English reading deck
food,food,new,30,reading;Anna;clip-pack,,audio/words/food.mp3,audio/words/food.mp3,,Anna's Reading Deck,English reading deck
roof,roof,new,30,reading;Anna;clip-pack,,audio/words/roof.mp3,audio/words/roof.mp3,,Anna's Reading Deck,English reading deck
root,root,new,30,reading;Anna;clip-pack,,audio/words/root.mp3,audio/words/root.mp3,,Anna's Reading Deck,English reading deck
pool,pool,new,30,reading;Anna;clip-pack,,audio/words/pool.mp3,audio/words/pool.mp3,,Anna's Reading Deck,English reading deck
tool,tool,new,30,reading;Anna;clip-pack,,audio/words/tool.mp3,audio/words/tool.mp3,,Anna's Reading Deck,English reading deck
book,book,new,31,reading;Anna;clip-pack,,audio/words/book.mp3,audio/words/book.mp3,,Anna's Reading Deck,English reading deck
look,look,new,31,reading;Anna;clip-pack,,audio/words/look.mp3,audio/words/look.mp3,,Anna's Reading Deck,English reading deck
cook,cook,new,31,reading;Anna;clip-pack,,audio/words/cook.mp3,audio/words/cook.mp3,,Anna's Reading Deck,English reading deck
hook,hook,new,31,reading;Anna;clip-pack,,audio/words/hook.mp3,audio/words/hook.mp3,,Anna's Reading Deck,English reading deck
foot,foot,new,31,reading;Anna;clip-pack,,audio/words/foot.mp3,audio/words/foot.mp3,,Anna's Reading Deck,English reading deck
wood,wood,new,32,reading;Anna;clip-pack,,audio/words/wood.mp3,audio/words/wood.mp3,,Anna's Reading Deck,English reading deck
chip,chip,new,32,reading;Anna;clip-pack,,audio/words/chip.mp3,audio/words/chip.mp3,,Anna's Reading Deck,English reading deck
chop,chop,new,32,reading;Anna;clip-pack,,audio/words/chop.mp3,audio/words/chop.mp3,,Anna's Reading Deck,English reading deck
chin,chin,new,32,reading;Anna;clip-pack,,audio/words/chin.mp3,audio/words/chin.mp3,,Anna's Reading Deck,English reading deck
chat,chat,new,32,reading;Anna;clip-pack,,audio/words/chat.mp3,audio/words/chat.mp3,,Anna's Reading Deck,English reading deck
much,much,new,33,reading;Anna;clip-pack,,audio/words/much.mp3,audio/words/much.mp3,,Anna's Reading Deck,English reading deck
such,such,new,33,reading;Anna;clip-pack,,audio/words/such.mp3,audio/words/such.mp3,,Anna's Reading Deck,English reading deck
rich,rich,new,33,reading;Anna;clip-pack,,audio/words/rich.mp3,audio/words/rich.mp3,,Anna's Reading Deck,English reading deck
shop,shop,new,33,reading;Anna;clip-pack,,audio/words/shop.mp3,audio/words/shop.mp3,,Anna's Reading Deck,English reading deck
ship,ship,new,33,reading;Anna;clip-pack,,audio/words/ship.mp3,audio/words/ship.mp3,,Anna's Reading Deck,English reading deck
shed,shed,new,34,reading;Anna;clip-pack,,audio/words/shed.mp3,audio/words/shed.mp3,,Anna's Reading Deck,English reading deck
fish,fish,new,34,reading;Anna;clip-pack,,audio/words/fish.mp3,audio/words/fish.mp3,,Anna's Reading Deck,English reading deck
dish,dish,new,34,reading;Anna;clip-pack,,audio/words/dish.mp3,audio/words/dish.mp3,,Anna's Reading Deck,English reading deck
wish,wish,new,34,reading;Anna;clip-pack,,audio/words/wish.mp3,audio/words/wish.mp3,,Anna's Reading Deck,English reading deck
rush,rush,new,34,reading;Anna;clip-pack,,audio/words/rush.mp3,audio/words/rush.mp3,,Anna's Reading Deck,English reading deck
thin,thin,new,35,reading;Anna;clip-pack,,audio/words/thin.mp3,audio/words/thin.mp3,,Anna's Reading Deck,English reading deck
then,then,new,35,reading;Anna;clip-pack,,audio/words/then.mp3,audio/words/then.mp3,,Anna's Reading Deck,English reading deck
that,that,new,35,reading;Anna;clip-pack,,audio/words/that.mp3,audio/words/that.mp3,,Anna's Reading Deck,English reading deck
bath,bath,new,35,reading;Anna;clip-pack,,audio/words/bath.mp3,audio/words/bath.mp3,,Anna's Reading Deck,English reading deck
with,with,new,35,reading;Anna;clip-pack,,audio/words/with.mp3,audio/words/with.mp3,,Anna's Reading Deck,English reading deck
math,math,new,36,reading;Anna;clip-pack,,audio/words/math.mp3,audio/words/math.mp3,,Anna's Reading Deck,English reading deck
when,when,new,36,reading;Anna;clip-pack,,audio/words/when.mp3,audio/words/when.mp3,,Anna's Reading Deck,English reading deck
whip,whip,new,36,reading;Anna;clip-pack,,audio/words/whip.mp3,audio/words/whip.mp3,,Anna's Reading Deck,English reading deck
whiz,whiz,new,36,reading;Anna;clip-pack,,audio/words/whiz.mp3,audio/words/whiz.mp3,,Anna's Reading Deck,English reading deck
phone,phone,new,36,reading;Anna;clip-pack,,audio/words/phone.mp3,audio/words/phone.mp3,,Anna's Reading Deck,English reading deck
photo,photo,new,37,reading;Anna;clip-pack,,audio/words/photo.mp3,audio/words/photo.mp3,,Anna's Reading Deck,English reading deck
ng,ng,new,37,reading;Anna;clip-pack,,audio/words/ng.mp3,audio/words/ng.mp3,,Anna's Reading Deck,English reading deck
sing,sing,new,37,reading;Anna;clip-pack,,audio/words/sing.mp3,audio/words/sing.mp3,,Anna's Reading Deck,English reading deck
ring,ring,new,37,reading;Anna;clip-pack,,audio/words/ring.mp3,audio/words/ring.mp3,,Anna's Reading Deck,English reading deck
king,king,new,37,reading;Anna;clip-pack,,audio/words/king.mp3,audio/words/king.mp3,,Anna's Reading Deck,English reading deck
wing,wing,new,38,reading;Anna;clip-pack,,audio/words/wing.mp3,audio/words/wing.mp3,,Anna's Reading Deck,English reading deck
song,song,new,38,reading;Anna;clip-pack,,audio/words/song.mp3,audio/words/song.mp3,,Anna's Reading Deck,English reading deck
long,long,new,38,reading;Anna;clip-pack,,audio/words/long.mp3,audio/words/long.mp3,,Anna's Reading Deck,English reading deck
hang,hang,new,38,reading;Anna;clip-pack,,audio/words/hang.mp3,audio/words/hang.mp3,,Anna's Reading Deck,English reading deck
back,back,new,38,reading;Anna;clip-pack,,audio/words/back.mp3,audio/words/back.mp3,,Anna's Reading Deck,English reading deck
duck,duck,new,39,reading;Anna;clip-pack,,audio/words/duck.mp3,audio/words/duck.mp3,,Anna's Reading Deck,English reading deck
luck,luck,new,39,reading;Anna;clip-pack,,audio/words/luck.mp3,audio/words/luck.mp3,,Anna's Reading Deck,English reading deck
rock,rock,new,39,reading;Anna;clip-pack,,audio/words/rock.mp3,audio/words/rock.mp3,,Anna's Reading Deck,English reading deck
sock,sock,new,39,reading;Anna;clip-pack,,audio/words/sock.mp3,audio/words/sock.mp3,,Anna's Reading Deck,English reading deck
lock,lock,new,39,reading;Anna;clip-pack,,audio/words/lock.mp3,audio/words/lock.mp3,,Anna's Reading Deck,English reading deck
kick,kick,new,40,reading;Anna;clip-pack,,audio/words/kick.mp3,audio/words/kick.mp3,,Anna's Reading Deck,English reading deck
pick,pick,new,40,reading;Anna;clip-pack,,audio/words/pick.mp3,audio/words/pick.mp3,,Anna's Reading Deck,English reading deck
sick,sick,new,40,reading;Anna;clip-pack,,audio/words/sick.mp3,audio/words/sick.mp3,,Anna's Reading Deck,English reading deck
tick,tick,new,40,reading;Anna;clip-pack,,audio/words/tick.mp3,audio/words/tick.mp3,,Anna's Reading Deck,English reading deck
catch,catch,new,40,reading;Anna;clip-pack,,audio/words/catch.mp3,audio/words/catch.mp3,,Anna's Reading Deck,English reading deck
match,match,new,41,reading;Anna;clip-pack,,audio/words/match.mp3,audio/words/match.mp3,,Anna's Reading Deck,English reading deck
patch,patch,new,41,reading;Anna;clip-pack,,audio/words/patch.mp3,audio/words/patch.mp3,,Anna's Reading Deck,English reading deck
hatch,hatch,new,41,reading;Anna;clip-pack,,audio/words/hatch.mp3,audio/words/hatch.mp3,,Anna's Reading Deck,English reading deck
ditch,ditch,new,41,reading;Anna;clip-pack,,audio/words/ditch.mp3,audio/words/ditch.mp3,,Anna's Reading Deck,English reading deck
pitch,pitch,new,41,reading;Anna;clip-pack,,audio/words/pitch.mp3,audio/words/pitch.mp3,,Anna's Reading Deck,English reading deck
witch,witch,new,42,reading;Anna;clip-pack,,audio/words/witch.mp3,audio/words/witch.mp3,,Anna's Reading Deck,English reading deck
car,car,new,42,reading;Anna;clip-pack,,audio/words/car.mp3,audio/words/car.mp3,,Anna's Reading Deck,English reading deck
bark,bark,new,42,reading;Anna;clip-pack,,audio/words/bark.mp3,audio/words/bark.mp3,,Anna's Reading Deck,English reading deck
farm,farm,new,42,reading;Anna;clip-pack,,audio/words/farm.mp3,audio/words/farm.mp3,,Anna's Reading Deck,English reading deck
hard,hard,new,42,reading;Anna;clip-pack,,audio/words/hard.mp3,audio/words/hard.mp3,,Anna's Reading Deck,English reading deck
park,park,new,43,reading;Anna;clip-pack,,audio/words/park.mp3,audio/words/park.mp3,,Anna's Reading Deck,English reading deck
dark,dark,new,43,reading;Anna;clip-pack,,audio/words/dark.mp3,audio/words/dark.mp3,,Anna's Reading Deck,English reading deck
star,star,new,43,reading;Anna;clip-pack,,audio/words/star.mp3,audio/words/star.mp3,,Anna's Reading Deck,English reading deck
bird,bird,new,43,reading;Anna;clip-pack,,audio/words/bird.mp3,audio/words/bird.mp3,,Anna's Reading Deck,English reading deck
girl,girl,new,43,reading;Anna;clip-pack,,audio/words/girl.mp3,audio/words/girl.mp3,,Anna's Reading Deck,English reading deck
dirt,dirt,new,44,reading;Anna;clip-pack,,audio/words/dirt.mp3,audio/words/dirt.mp3,,Anna's Reading Deck,English reading deck
first,first,new,44,reading;Anna;clip-pack,,audio/words/first.mp3,audio/words/first.mp3,,Anna's Reading Deck,English reading deck
third,third,new,44,reading;Anna;clip-pack,,audio/words/third.mp3,audio/words/third.mp3,,Anna's Reading Deck,English reading deck
corn,corn,new,44,reading;Anna;clip-pack,,audio/words/corn.mp3,audio/words/corn.mp3,,Anna's Reading Deck,English reading deck
fork,fork,new,44,reading;Anna;clip-pack,,audio/words/fork.mp3,audio/words/fork.mp3,,Anna's Reading Deck,English reading deck
form,form,new,45,reading;Anna;clip-pack,,audio/words/form.mp3,audio/words/form.mp3,,Anna's Reading Deck,English reading deck
pork,pork,new,45,reading;Anna;clip-pack,,audio/words/pork.mp3,audio/words/pork.mp3,,Anna's Reading Deck,English reading deck
storm,storm,new,45,reading;Anna;clip-pack,,audio/words/storm.mp3,audio/words/storm.mp3,,Anna's Reading Deck,English reading deck
her,her,new,45,reading;Anna;clip-pack,,audio/words/her.mp3,audio/words/her.mp3,,Anna's Reading Deck,English reading deck
burn,burn,new,45,reading;Anna;clip-pack,,audio/words/burn.mp3,audio/words/burn.mp3,,Anna's Reading Deck,English reading deck
turn,turn,new,46,reading;Anna;clip-pack,,audio/words/turn.mp3,audio/words/turn.mp3,,Anna's Reading Deck,English reading deck
hurt,hurt,new,46,reading;Anna;clip-pack,,audio/words/hurt.mp3,audio/words/hurt.mp3,,Anna's Reading Deck,English reading deck
curb,curb,new,46,reading;Anna;clip-pack,,audio/words/curb.mp3,audio/words/curb.mp3,,Anna's Reading Deck,English reading deck
flat,flat,new,46,reading;Anna;clip-pack,,audio/words/flat.mp3,audio/words/flat.mp3,,Anna's Reading Deck,English reading deck
flag,flag,new,46,reading;Anna;clip-pack,,audio/words/flag.mp3,audio/words/flag.mp3,,Anna's Reading Deck,English reading deck
flip,flip,new,47,reading;Anna;clip-pack,,audio/words/flip.mp3,audio/words/flip.mp3,,Anna's Reading Deck,English reading deck
frog,frog,new,47,reading;Anna;clip-pack,,audio/words/frog.mp3,audio/words/frog.mp3,,Anna's Reading Deck,English reading deck
from,from,new,47,reading;Anna;clip-pack,,audio/words/from.mp3,audio/words/from.mp3,,Anna's Reading Deck,English reading deck
free,free,new,47,reading;Anna;clip-pack,,audio/words/free.mp3,audio/words/free.mp3,,Anna's Reading Deck,English reading deck
grab,grab,new,47,reading;Anna;clip-pack,,audio/words/grab.mp3,audio/words/grab.mp3,,Anna's Reading Deck,English reading deck
grip,grip,new,48,reading;Anna;clip-pack,,audio/words/grip.mp3,audio/words/grip.mp3,,Anna's Reading Deck,English reading deck
grin,grin,new,48,reading;Anna;clip-pack,,audio/words/grin.mp3,audio/words/grin.mp3,,Anna's Reading Deck,English reading deck
plan,plan,new,48,reading;Anna;clip-pack,,audio/words/plan.mp3,audio/words/plan.mp3,,Anna's Reading Deck,English reading deck
plug,plug,new,48,reading;Anna;clip-pack,,audio/words/plug.mp3,audio/words/plug.mp3,,Anna's Reading Deck,English reading deck
plot,plot,new,48,reading;Anna;clip-pack,,audio/words/plot.mp3,audio/words/plot.mp3,,Anna's Reading Deck,English reading deck
slap,slap,new,49,reading;Anna;clip-pack,,audio/words/slap.mp3,audio/words/slap.mp3,,Anna's Reading Deck,English reading deck
slip,slip,new,49,reading;Anna;clip-pack,,audio/words/slip.mp3,audio/words/slip.mp3,,Anna's Reading Deck,English reading deck
slug,slug,new,49,reading;Anna;clip-pack,,audio/words/slug.mp3,audio/words/slug.mp3,,Anna's Reading Deck,English reading deck
clap,clap,new,49,reading;Anna;clip-pack,,audio/words/clap.mp3,audio/words/clap.mp3,,Anna's Reading Deck,English reading deck
club,club,new,49,reading;Anna;clip-pack,,audio/words/club.mp3,audio/words/club.mp3,,Anna's Reading Deck,English reading deck
clip,clip,new,50,reading;Anna;clip-pack,,audio/words/clip.mp3,audio/words/clip.mp3,,Anna's Reading Deck,English reading deck
blot,blot,new,50,reading;Anna;clip-pack,,audio/words/blot.mp3,audio/words/blot.mp3,,Anna's Reading Deck,English reading deck
blub,blub,new,50,reading;Anna;clip-pack,,audio/words/blub.mp3,audio/words/blub.mp3,,Anna's Reading Deck,English reading deck
skip,skip,new,50,reading;Anna;clip-pack,,audio/words/skip.mp3,audio/words/skip.mp3,,Anna's Reading Deck,English reading deck
skin,skin,new,50,reading;Anna;clip-pack,,audio/words/skin.mp3,audio/words/skin.mp3,,Anna's Reading Deck,English reading deck
skunk,skunk,new,51,reading;Anna;clip-pack,,audio/words/skunk.mp3,audio/words/skunk.mp3,,Anna's Reading Deck,English reading deck
spot,spot,new,51,reading;Anna;clip-pack,,audio/words/spot.mp3,audio/words/spot.mp3,,Anna's Reading Deck,English reading deck
spin,spin,new,51,reading;Anna;clip-pack,,audio/words/spin.mp3,audio/words/spin.mp3,,Anna's Reading Deck,English reading deck
spit,spit,new,51,reading;Anna;clip-pack,,audio/words/spit.mp3,audio/words/spit.mp3,,Anna's Reading Deck,English reading deck
step,step,new,51,reading;Anna;clip-pack,,audio/words/step.mp3,audio/words/step.mp3,,Anna's Reading Deck,English reading deck
stop,stop,new,52,reading;Anna;clip-pack,,audio/words/stop.mp3,audio/words/stop.mp3,,Anna's Reading Deck,English reading deck
stuck,stuck,new,52,reading;Anna;clip-pack,,audio/words/stuck.mp3,audio/words/stuck.mp3,,Anna's Reading Deck,English reading deck
snap,snap,new,52,reading;Anna;clip-pack,,audio/words/snap.mp3,audio/words/snap.mp3,,Anna's Reading Deck,English reading deck
snip,snip,new,52,reading;Anna;clip-pack,,audio/words/snip.mp3,audio/words/snip.mp3,,Anna's Reading Deck,English reading deck
swim,swim,new,52,reading;Anna;clip-pack,,audio/words/swim.mp3,audio/words/swim.mp3,,Anna's Reading Deck,English reading deck
swam,swam,new,53,reading;Anna;clip-pack,,audio/words/swam.mp3,audio/words/swam.mp3,,Anna's Reading Deck,English reading deck
trap,trap,new,53,reading;Anna;clip-pack,,audio/words/trap.mp3,audio/words/trap.mp3,,Anna's Reading Deck,English reading deck
trip,trip,new,53,reading;Anna;clip-pack,,audio/words/trip.mp3,audio/words/trip.mp3,,Anna's Reading Deck,English reading deck
trot,trot,new,53,reading;Anna;clip-pack,,audio/words/trot.mp3,audio/words/trot.mp3,,Anna's Reading Deck,English reading deck
drag,drag,new,53,reading;Anna;clip-pack,,audio/words/drag.mp3,audio/words/drag.mp3,,Anna's Reading Deck,English reading deck
drop,drop,new,54,reading;Anna;clip-pack,,audio/words/drop.mp3,audio/words/drop.mp3,,Anna's Reading Deck,English reading deck
drum,drum,new,54,reading;Anna;clip-pack,,audio/words/drum.mp3,audio/words/drum.mp3,,Anna's Reading Deck,English reading deck
crab,crab,new,54,reading;Anna;clip-pack,,audio/words/crab.mp3,audio/words/crab.mp3,,Anna's Reading Deck,English reading deck
crop,crop,new,54,reading;Anna;clip-pack,,audio/words/crop.mp3,audio/words/crop.mp3,,Anna's Reading Deck,English reading deck
crib,crib,new,54,reading;Anna;clip-pack,,audio/words/crib.mp3,audio/words/crib.mp3,,Anna's Reading Deck,English reading deck
brag,brag,new,55,reading;Anna;clip-pack,,audio/words/brag.mp3,audio/words/brag.mp3,,Anna's Reading Deck,English reading deck
brim,brim,new,55,reading;Anna;clip-pack,,audio/words/brim.mp3,audio/words/brim.mp3,,Anna's Reading Deck,English reading deck
brush,brush,new,55,reading;Anna;clip-pack,,audio/words/brush.mp3,audio/words/brush.mp3,,Anna's Reading Deck,English reading deck
prank,prank,new,55,reading;Anna;clip-pack,,audio/words/prank.mp3,audio/words/prank.mp3,,Anna's Reading Deck,English reading deck
print,print,new,55,reading;Anna;clip-pack,,audio/words/print.mp3,audio/words/print.mp3,,Anna's Reading Deck,English reading deck
glad,glad,new,56,reading;Anna;clip-pack,,audio/words/glad.mp3,audio/words/glad.mp3,,Anna's Reading Deck,English reading deck
glue,glue,new,56,reading;Anna;clip-pack,,audio/words/glue.mp3,audio/words/glue.mp3,,Anna's Reading Deck,English reading deck
owl,owl,new,56,reading;Anna;clip-pack,,audio/words/owl.mp3,audio/words/owl.mp3,,Anna's Reading Deck,English reading deck
now,now,new,56,reading;Anna;clip-pack,,audio/words/now.mp3,audio/words/now.mp3,,Anna's Reading Deck,English reading deck
cow,cow,new,56,reading;Anna;clip-pack,,audio/words/cow.mp3,audio/words/cow.mp3,,Anna's Reading Deck,English reading deck
how,how,new,57,reading;Anna;clip-pack,,audio/words/how.mp3,audio/words/how.mp3,,Anna's Reading Deck,English reading deck
down,down,new,57,reading;Anna;clip-pack,,audio/words/down.mp3,audio/words/down.mp3,,Anna's Reading Deck,English reading deck
town,town,new,57,reading;Anna;clip-pack,,audio/words/town.mp3,audio/words/town.mp3,,Anna's Reading Deck,English reading deck
crown,crown,new,57,reading;Anna;clip-pack,,audio/words/crown.mp3,audio/words/crown.mp3,,Anna's Reading Deck,English reading deck
boy,boy,new,57,reading;Anna;clip-pack,,audio/words/boy.mp3,audio/words/boy.mp3,,Anna's Reading Deck,English reading deck
toy,toy,new,58,reading;Anna;clip-pack,,audio/words/toy.mp3,audio/words/toy.mp3,,Anna's Reading Deck,English reading deck
joy,joy,new,58,reading;Anna;clip-pack,,audio/words/joy.mp3,audio/words/joy.mp3,,Anna's Reading Deck,English reading deck
coin,coin,new,58,reading;Anna;clip-pack,,audio/words/coin.mp3,audio/words/coin.mp3,,Anna's Reading Deck,English reading deck
join,join,new,58,reading;Anna;clip-pack,,audio/words/join.mp3,audio/words/join.mp3,,Anna's Reading Deck,English reading deck
soil,soil,new,58,reading;Anna;clip-pack,,audio/words/soil.mp3,audio/words/soil.mp3,,Anna's Reading Deck,English reading deck
found,found,new,59,reading;Anna;clip-pack,,audio/words/found.mp3,audio/words/found.mp3,,Anna's Reading Deck,English reading deck
sound,sound,new,59,reading;Anna;clip-pack,,audio/words/sound.mp3,audio/words/sound.mp3,,Anna's Reading Deck,English reading deck
round,round,new,59,reading;Anna;clip-pack,,audio/words/round.mp3,audio/words/round.mp3,,Anna's Reading Deck,English reading deck
mouth,mouth,new,59,reading;Anna;clip-pack,,audio/words/mouth.mp3,audio/words/mouth.mp3,,Anna's Reading Deck,English reading deck
spout,spout,new,59,reading;Anna;clip-pack,,audio/words/spout.mp3,audio/words/spout.mp3,,Anna's Reading Deck,English reading deck
cloud,cloud,new,60,reading;Anna;clip-pack,,audio/words/cloud.mp3,audio/words/cloud.mp3,,Anna's Reading Deck,English reading deck
